"品番","バーコード","品名","規格1","規格2","ロット","消費期限","在庫区分","総在庫数","在庫数","ロケーション"
"4523783857921","4523783857921","TUCHE (トゥシェ) テクニカル 上品な輝き グロッシー","","","","","新品","45","45","A02-1"
"4523783857938","4523783857938","グンゼ上品な輝き　ナチュラルシルバー　M-L","","","","","新品","49","49","A02-1"
"4523783857952","4523783857952","グンゼ上品な輝き　ベージュシルバー　L-LL","","","","","新品","17","17","A02-1"
"4523783857969","4523783857969","グンゼ上品な輝き　ナチュラルシルバー　L-LL","","","","","新品","83","83","A02-1"
"4523783862918","4523783862918","グンゼ　テュシェ TU270P　【脚を細く見せる】ストッキング(無地) ブラック サイズ：M-L","","","","","新品","2","2","C01-1"
"4525636304002","4525636304002","恐竜化石 透明 発掘！恐竜化石せっけん","","","","","新品","279","279","B02-1"
"4540118149001","4540118149001","南国限定　シークァーサー","","","","","新品","4","4","A02-4"
"4540118153237","4540118153237","南国限定　ペアマンゴー","","","","","新品","9","9","A02-4"
"4540118153251","4540118153251","南国限定　ゴーヤくん","","","","","新品","3","3","A02-4"
"4540118153435","4540118153435","ぶたシーサー風水","","","","","新品","24","24","A02-1"
"4545633023911","4545633023911","女の欲望 脚ほっそり裏起毛パイル腹巻タイツ 150デニール M-Lサイズ","","","","","新品","396","396","B02-6"
"4545633026127","4545633026127","脚ほっそり裏起毛パイルレギンス 200デニール ブラック","","","","","新品","322","322","B02-6"
"4547847193442","4547847193442","グンゼ   サブリナ SB495L   40デニールブラックタイツ サイズ：L-LL","","","","","新品","60","60","A02-6"
"4547847193459","4547847193459","グンゼ   サブリナ SB495L   40デニールブラックタイツ サイズ：M-L","","","","","新品","60","60","A02-6"
"4560182824833","4560182824833","においま栓","","","","","新品","1015","69","C02-8"
"4560383710010","4560383710010","クイック　アトマイザー（ゴールド）","","","","","新品","1","1","A02-1"
"4560383710034","4560383710034","クイック　アトマイザー（ピンク）","","","","","新品","9","9","A01-5"
"4571424993491","4571424993491","U-REALM AアフタヌーンティSP詰替","","","","","新品","24","24","B01-6"
"4571424994290","4571424994290","bisou bisou. 濃縮シャンプー エレガントフルーティの香り( 200ml)","","","","","新品","10","10","C01-3"
"4571424994306","4571424994306","bisou bisou. 濃縮トリートメント エレガントフルーティの香り(200ml)","","","","","新品","16","16","C01-3"
"4573110526525","4573110526525","イルミネーション雪だるまLL","","","","","新品","18","18","A02-6"
"4573127070059","4573127070059","信州安曇野天然水あずみ500ml","","","","20240830","新品","1220","1220","K02-6"
"4573138860700","4573138860700","返品予定の在庫(西区保管)アカイロオトハクレンジングオイル150ml","","","","","新品","120","120","LB02-5"
"4573138860717","4573138860717","返品予定の在庫(西区保管)アカイロオトハ水クレンジング500ml","","","","","新品","547","547","LB02-5"
"4573138860724","4573138860724","返品予定の在庫(西区保管)アカイロオトハ洗顔120g","","","","","新品","598","598","LB02-2"
"4573138860731","4573138860731","返品予定の在庫(西区保管)アカイロオトハ化粧水150ml","","","","","新品","646","646","LB02-5"
"4573138860748","4573138860748","返品予定の在庫(西区保管)アカイロオトハ乳液120ml","","","","","新品","648","648","LB02-5"
"4573138860755","4573138860755","返品予定の在庫(西区保管)アカイロオトハクリーム30g","","","","","新品","645","645","LB02-2"
"4573138860762","4573138860762","返品予定の在庫(西区保管)アカイロオトハ美容液a30ml","","","","","新品","1358","1358","LB02-2"
"4573221370918 ","4573221370918 ","FINEVISEA ヒト幹細胞 クレンジングジェル 140ｇ","","","","","新品","270","270","LB02-4"
"4573221370963 ","4573221370963 ","GARAH ガラ メイク落としジェル クレンジング","","","","","新品","660","660","LB02-4"
"4573221370994 ","4573221370994 ","GARAH ガラ 保湿クリーム","","","","","新品","521","521","LB02-4"
"4573574592043","4573574592043","SUNEAST 6.1inchガラスコートフィルム","","","","","新品","13","13","C01-3"
"4573574592050","4573574592050","SUNEAST 6.7inchガラスコートフィルム","","","","","新品","119","119","A02-4"
"4580004431551","4580004431551","ナイトキープアップブラ（Navy　A/B65-70）","","","","","新品","20","20","B02-6"
"4580044032947","4580044032947","SNネームタグ お家","","","","","新品","807","807","C01-3"
"4580044032978","4580044032978","SNスーツケースベルトフェイス","","","","","新品","512","512","C01-3"
"4580284234514","4580284234514","サムライウーマン ブルージャスミンコンディショナー","","","","","新品","692","51","B02-5"
"4580742000033","4580742000033","返品予定の在庫(西区保管)SLIM COFFEE","","","","20231130","新品","2390","1800","LB02-6"
"4580751890045","4580751890045","5ALA-AG 50mg×30粒","","","","20240928","新品","597","597","C02-3"
"4582667359616","4582667359616","1P ビジネス・カジュアルソックス","","","","","新品","16","16","A01-4"
"4582667359623","4582667359623","1P 満足カジュアルソックス","","","","","新品","4","4","C02-2"
"4901121208169","4901121208169","ネピア ネピネピ 12R シングル","","","","","新品","96","96","LK02-4"
"4901121267616","4901121267616","ネピア ネピネピ 12R ダブル","","","","","新品","416","256","LK02-5"
"4901301310231","4901301310231","バスマジックリン 泡立ちスプレー 詰め替え用 330ml","","","","","新品","18","18","B01-6"
"4901301347206","4901301347206","花王 バスマジックリン 泡立ちスプレー スーパークリーン グリーンハーブの香り つめかえ用 330ml","","","","","新品","3","3","C01-1"
"4902011886238","4902011886238","コンパクトガード 羽付き8枚 多い昼用","","","","","新品","7","7","C01-1"
"4902111362120","4902111362120","除菌クリーナー ドメスト 500ml","","","","","新品","48","48","C01-4"
"4902111742106","4902111742106","ドメスト ホワイト＆クリーン 500ml","","","","","新品","19","19","A01-6"
"4902111762272","4902111762272","ダヴ ボディウォッシュプレミアムつめかえ用360g","","","","","新品","48","48","A02-4"
"4902430695374","4902430695374","ダウニー液体洗濯洗剤ピンク：ガーデンブルーム550ml","","","","","新品","1","1","B02-1"
"4902430884341","4902430884341","パンパース肌へのいちばんおねえさんパンツビッグ26枚","","","","","新品","7","7","A02-4"
"4902430917230","4902430917230","パンテーン シャン・コンデ エクストラダメージ詰替ペア","","","","","新品","8","8","B02-3"
"4902510202355","4902510202355","フジラテ 0.02 12個入り","","","","","新品","229","229","A02-1"
"4902899316308","4902899316308","マイコール 貼るオンパックス くつ下用 白 5個","","","","","新品","2","2","B01-2"
"4902899317800","4902899317800","エステー オンパックス 中敷つま先靴用 5足入","","","","","新品","7","7","C01-1"
"4905009931347","4905009931347","IRIS LED小形電球 斜め取付け専用(低輝度) 昼白色相当","","","","","新品","15","15","A02-1"
"4905009931354","4905009931354","IRIS LED小形電球 斜め取付け専用(低輝度) 電球色相当","","","","","新品","81","81","A02-1"
"4905803841095","4905803841095","正方形タイプ食器用ふきん","","","","","新品","23","23","A02-4"
"4954267140275","4954267140275","曙産業 しぼりたカッター レッド CH-2027","","","","","新品","9","9","C01-3"
"4959058091637","4959058091637","アルカリ電池 New Memorex 単1×2本 シュリンクパック","","","","","新品","247","247","C01-1"
"4959058091644","4959058091644","アルカリ電池 New Memorex単2×2本 シュリンクパック","","","","","新品","283","283","C01-1"
"4959058091651","4959058091651","アルカリ電池 New Memorex単3×4本 シュリンクパック","","","","","新品","900","900","A02-3"
"4961310128692","4961310128692","AT-SPB300 BK","","","","","新品","14","14","C01-4"
"4961310128708","4961310128708","AT-SPB300 OR","","","","","新品","12","12","C01-4"
"4964827405362","4964827405362","メラミンスポンジ ミニ","","","","","新品","90","90","A02-4"
"4964833410022","4964833410022","TERAOKA 養生用 P-カットテープα 50mm×25m 透明 No.4100","","","","","新品","30","30","B02-5"
"4964833410046","4964833410046","ポリエチレンクロス粘着テープ 品番4100 若葉","","","","","新品","60","60","B02-5"
"4967576492973","4967576492973","富士山の天然水500ml","","","","20250430","新品","3160","3160","K01-5"
"4967576493017","4967576493017","富士山の強炭酸水 500ml","","","","20240315","新品","5640","2760","K01-6"
"4967576592413","4967576592413","富士山の強炭酸水レモン500ml","","","","20240319","新品","6240","480","K02-3"
"4967736076678","4967736076678","ナガオカ 携帯平型プラグ変換アダプター KHA-01WH","","","","","新品","1","1","A02-1"
"4969887826553","4969887826553","雷ガードタップ（2P・3個口・5m）","","","","","新品","26","26","A02-3"
"4970381407834","4970381407834","ダイカットタオル おしりたんてい","","","","","新品","92","92","A02-4"
"4971381323643","4971381323643","くまもんのベビーパフ","","","","","新品","68","68","A01-5"
"4971381323858","4971381323858","くまもんの洗顔ネット","","","","","新品","119","119","A01-5"
"4971633171671","4971633171671","エルモア ｆｕｋｕｔセスキシート 20枚","","","","","新品","200","200","K02-1"
"4971633171718","4971633171718","エルモア ｆｕｋｕｔクエン酸シート 20枚","","","","","新品","308","308","K02-2"
"4971633300675","4971633300675","セラピティッシュー150Ｗ5Ｐ","","1250 g","","","新品","552","168","MK02-5"
"4977324713670","4977324713670","3Dクレンジングスポンジ PEAR ピンク","","","","","新品","11","11","C01-3"
"4977324713687","4977324713687","3Dクレンジングスポンジ FlatCutブルー","","","","","新品","50","50","A01-4"
"4977524153016","4977524153016","ココサスメタル ダイヤモンド CS?097","","","","","新品","438","438","C01-3"
"4977524153023","4977524153023","ココサスメタル ジュエル CS-098","","","","","新品","448","448","C01-3"
"4978798005322","4978798005322","学童ジャンプ傘 窓付き 黄 55cm","","","","","新品","24","24","A02-4"
"4987036412631","4987036412631","近江兄弟社 メンターム 薬用スティック レギュラー 4g","","","","","新品","1000","1000","A02-3"
"4987176027597","4987176027597","P＆G ジョイ W除菌 泡スプレー 緑茶の香り 本体 275ml","","","","","新品","17","17","C01-1"
"4990270120309","4990270120309","ディズニーリトルマーメイド 三つ折り財布 アリエル","","","","","新品","33","33","A02-4"
"4990270120316","4990270120316","塔の上のラプンツェル 三つ折り財布 ラプンツェル","","","","","新品","40","40","A02-4"
"4990270121290","4990270121290","サンダル型ポーチ スヌーピー グリーン","","","","","新品","24","24","A02-1"
"4990270122129","4990270122129","サコッシュバッグ PU ハローキティ ネイビー","","","","","新品","1","1","C01-3"
"4990270122624","4990270122624","メッシュ付ミニバッグ デニム風 ハローキティ BK","","","","","新品","6","6","C01-3"
"4990270122754","4990270122754","サコッシュバッグ PU アナと雪の女王2 BK","","","","","新品","4","4","A01-3"
"4990270122785","4990270122785","ボストンバッグ PU アナと雪の女王2 NV","","","","","新品","4","4","B02-4"
"4990270123270","4990270123270","ミニボストンバッグ PU アナと雪の女王2 BK","","","","","新品","15","15","B02-4"
"4990270123287","4990270123287","ミニボストンバッグ PU アナと雪の女王2 NV","","","","","新品","27","27","A01-5"
"8710908879500","8710908879500","Dove ボディーソープ フラワー 250ml","","","","","新品","156","156","A02-5"
"8710908882128","8710908882128","Dove ボディーソープ アボカド 250ml","","","","","新品","12","12","A02-5"
"987654321 ","987654321 ","s-fitエスフィット フェイスウォッシュ","","","","","新品","1019","1019","LB02-1"
"FT-CTHE-001-1","4580796920097","The Third CATECHIN 1箱【日本製】","","","","","新品","24","24","C01-1"
"FT-DINEW-001","4580796920172","加熱式たばこデバイス I-NEW","","","","","新品","71","71","C01-2"
"FT-DSTML-001","4580796920585","STEAM LIGHT","","","","","新品","2430","2430","MC02-3"
"FT-NECO-CTHE-001-10","4580796920103","The Third CATECHIN 10箱(1カートン) 【日本製】平型カートン","","","","","新品","39","39","A01-3"
"FT-NECO-Third-001-10","4580796920134","The Third レギュラー 10箱(1カートン) 【日本製】平型カートン","","","","","新品","12","12","A01-2"
"FT-Third-001-1","4580796920011","The Third レギュラー 1箱【日本製】","","","","","新品","572","572","C01-1"
"FT-Third-001-10","4580796920028","The Third レギュラー 10箱(1カートン) 【日本製】","","","","","新品","15","15","A01-2"
"FT-Third-002-1","4580796920035","The Third メンソール 1箱【日本製】","","","","","新品","27","27","C01-1"
"FT-Third-003-1","4580796920073","The Third ビターコーヒー 1箱【日本製】","","","","","新品","44","44","C01-1"
"FT-Third-003-10","4580796920080","The Third ビターコーヒー 10箱(1カートン)【日本製】","","","","","新品","47","47","A01-2"
"FT-Third-004-1","4580796920059","The Third マンゴー 1箱【日本製】","","","","","新品","43","43","C01-1"
"FT-Third-004-10","4580796920066","The Third マンゴー 10箱(1カートン)【日本製】","","","","","新品","55","55","A01-2"
"FT-Third-CSBM-001-1","4580796920462","The Third カプセル ブレイクメンソール 1箱【日本製】","","","","","新品","642","642","C01-1"
"FT-Third-CSBM-001-10","4580796920479","The Third カプセル ブレイクメンソール 10箱(1カートン) 【日本製】","","","","","新品","13","13","A01-2"
"FT-Third-CSCR-002-1","4580796920493","The Third カプセル アイスシトラス 1箱【日本製】","","","","","新品","819","819","C01-1"
"FT-Third-CSCR-002-10","4580796920509","The Third カプセル アイスシトラス 10箱(1カートン) 【日本製】","","","","","新品","14","14","A01-2"
"FT-Third-CSPM-003-1","4580796920554","The Third カプセル ピーチ&マンゴ 1箱【日本製】","","","","","新品","840","840","C01-1"
"FT-Third-CSPM-003-10","4580796920561","The Third カプセル ピーチ&マンゴ 10箱(1カートン) 【日本製】","","","","","新品","10","10","A01-2"
"KH-205","4562350983243","超音波アロマLED加湿器 レイドロップ2.4L","","","","","新品","6","6","B02-6"
"LOYE-LC-008","4582667340126","USBケーブル Type-C 2m","","","","","新品","8","8","C01-6"
"RW-Third-004-SMP","RW-Third-004-SMP","ザ・サード マンゴー(サンプル)","","","","","新品","123","123","A01-2"
"SKS-ISD-001","4589838530676","非接触式電子温度計 インセカンズ","","","","","新品","908","908","MB02-2"
"TAP-SP2114MG-5W","4969887826560","雷ガードタップ（2P・4個口・5m）","","","","","新品","44","44","A02-3"
"TAP-SP2116MG-5W","4969887826577","サンワサプライ 雷ガードタップ","","","","","新品","4","4","A02-4"
"TMA07J6","4562441907011","TMランジェリーソープ(容量：120mL)","","","","","新品","1784","104","B02-5"
"TMHG65-500","4562441906625","ハンドジェル500ml詰替え用 MADE IN CHINA","","","","","新品","73728","73728","Y-ITSM-Y"
"TOA-AACGF-001","4582667355779","グッスル アミノ酸含有加工食品","","","","20231228","仕掛","466","466","A02-3"
"TOA-AKURIRU01","4562441907240","アクリルパーテーション","","","","","新品","396","36","B02-4"
"TOA-ALASD-002","4582667358398","アラシールドゼリー アフターメンテナンス","","","","20240206","新品","189","189","B02-1"
"TOA-BL-HS-BK","4580743140400","G ビューティドットラボ ストレートヘアアイロン ブラック","","","","","新品","88","88","A02-6"
"TOA-BL-HS-WT","4580743143241","G ビューティドットラボ ストレートヘアアイロン ホワイト","","","","","新品","201","201","A02-6"
"TOA-BL-HSB-BK","4580743140578","G ビューティドットラボ ストレートヘアブラシ ブラック","","","","","新品","115","115","A02-6"
"TOA-BLCIR-BK","4570140091719","ビューティドットラボ　カールヘアアイロン　ブラック","","","","","新品","50","50","A02-6"
"TOA-CA-CPHMT-001","4570140093010","キャプヘルメット（マットブラック）","","","","","新品","11","11","C01-6"
"TOA-CAA-RD","4580743145382","抗原・抗体検査ペン型デバイス","","","","20250107","新品","215","215","B02-4"
"TOA-CBDHL-001","4562441908940","CBD HEAL 1箱(20本入り)","","","","","新品","192","192","C01-1"
"TOA-CBDHL-002","4562441908957","CBD HEAL 1カートン(10箱入り)","","","","","新品","674","674","A01-6"
"TOA-CBDRA-1","4562441908711","幸福のひかり CBD","","","","","新品","18","18","C01-2"
"TOA-CBF-001-BK","4562441906236","COOL&BLOW NECKFAN(ブラック)","","","","","新品","37","37","LC01-3"
"TOA-CBF-001-BL","4562441906557","COOL&BLOW NECKFAN(ブルー)","","","","","新品","5","5","LC01-3"
"TOA-CBT-HS","4580743145603","カンナビスヘンプシード","","","","","新品","232","232","A02-2"
"TOA-CBT-HS2","4580743148987","カンナビタスヘンプシード(新パッケージ)","","","","","新品","38","38","C02-3"
"TOA-ClairPARIS-WH-1","4562441903600","クレールパリ(白)1000ml【1本】","","","","","新品","407","407","C02-4"
"TOA-CO2MG-001","4562441908186","CO2マネージャー","","","","","新品","1","1","C01-4"
"TOA-CO2MG-002-MN","4562441909091","CO2マネージャーミニ","","","","","新品","2","2","C02-2"
"TOA-CO2MG-003-MB","4562441909213","モバイルCO2マネージャー","","","","","新品","4","4","A01-3"
"TOA-COAG-ST","4582667345404","新型コロナウィルス抗原検査スティックTM","","","","20250101","新品","26704","3664","B01-1"
"TOA-COAG-ST3IN1CN","4582667350941","新型コロナウィルス抗原検査スティックTMN 3in1","","","","","新品","393","393","B02-4"
"TOA-CTHE-002","4562441907363","カテヒール 1箱(20本入り)","","","","","新品","753","753","C02-3"
"TOA-CTHE-SMP","TOA-CTHE-SMP","カテヒール(サンプル)","","","","","新品","139","139","A01-2"
"TOA-DNRNG-BE","4582667353751","USB充電式首用カイロ 暖リング(ベージュ)","","","","","新品","156","156","C02-2"
"TOA-DSPTR-001","4562441909510","サーモマネージャー/サーモマネージャーEX専用ディスペンサートレイ","","","","","新品","22","22","A02-2"
"TOA-FLRG-BB-L-BL","4570140093614","フロスティリング BB （L） ブルー","","","","","新品","1","1","LC01-3"
"TOA-GNDGK-001","4580743144835","ダイエット対策太りやすい遺伝子調査","","","","20240331","新品","414","414","A02-4"
"TOA-GNSGK-001","4582667352785","GENO(ジェノ) 睡眠タイプ関連遺伝子調査","","","","20240930","新品","2323","43","C01-6"
"TOA-LS-CHINC-001","4570140091214","ル・シーシャ チルインカップ（ピーチティー）","","","","","新品","14","14","C02-3"
"TOA-LS-CHINC-002","4570140091221","ル・シーシャ チルインカップ（タピオカミルクティー）","","","","","新品","28","28","C02-3"
"TOA-LS-CHINC-003","4570140091238","ル・シーシャ チルインカップ（ブルーベリーヨーグルト）","","","","","新品","7","7","C02-3"
"TOA-LS-CHINC-004","4570140091245","ル・シーシャ チルインカップ（メロンミルク）","","","","","新品","1","1","C02-3"
"TOA-LS-LSP-001","4582667357087","ル・シーシャ ポケット(シガー)","","","","","新品","88","88","C02-3"
"TOA-LS-LSP-002","4582667357094","ル・シーシャ ポケット(キャラメルマキアート)","","","","","新品","70","70","C02-3"
"TOA-LS-LSP-003","4582667357100","ル・シーシャ ポケット(ラム酒)","","","","","新品","130","130","C02-3"
"TOA-LS-LSP-004","4582667357117","ル・シーシャ ポケット(ピーチリキュール)","","","","","新品","53","53","C02-3"
"TOA-LS-LSP-005","4582667357124","ル・シーシャ ポケット(スーパーメンソール)","","","","","新品","49","49","C02-3"
"TOA-LS-PM-001","4570140091177","ル・シーシャ パーム (メンソール)","","","","","新品","116","116","C02-8"
"TOA-LS-PM-002","4570140091184","ル・シーシャ　パーム (ザクロ)","","","","","新品","142","142","C02-8"
"TOA-LS-PM-003","4570140091191","ル・シーシャ　パーム (ぶどう)","","","","","新品","120","120","C02-8"
"TOA-LV-DACF-001","4582667356219","ドローン型エアコンファン","","","","","新品","62","62","LC02-3"
"TOA-NVSO-01","4582667358534","NEW VIRUS SHUT OUT ウイルスシャットアウト","","","","","新品","13353","503","C01-2"
"TOA-OXINV-001","4562441908827","OXINAVI(オキシナビ)","","","","","新品","56","56","B02-2"
"TOA-OXITC-001","4562441908896","OXITECH(オキシテック","","","","","新品","389","389","B02-5"
"TOA-PTCAT-001","4582667356462","ペット専用新型コロナウイルス抗原検査キット","","","","20241224","新品","8900","100","C01-6"
"TOA-R-THMAC-003","4582667348955","サーモマネージャーAC用 小型プリンタ―","","","","","新品","13","13","A01-1"
"TOA-RWCIR-BG-L","4582667353324","リウォームカイロ(ベージュ)・Lサイズ","","","","","新品","60","60","B01-2"
"TOA-RWCIR-PC-BG","4582667353409","リウォームカイロ ポケット(ベージュ)","","","","","新品","65","65","B01-5"
"TOA-RWCIR-PC-PP","4582667353423","リウォームカイロ ポケット(パープル)","","","","","新品","58","58","B01-5"
"TOA-RWCIR-PC-WT","4582667353416","リウォームカイロ ポケット(ホワイト)","","","","","新品","85","85","B01-5"
"TOA-RWCIR-PP-L","4582667353355","リウォームカイロ(パープル)・Lサイズ","","","","","新品","14","14","B01-2"
"TOA-RWCIR-PP-M","4582667353348","リウォームカイロ(パープル)・Mサイズ","","","","","新品","40","40","B01-2"
"TOA-RWCIR-WT-L","4582667353294","リウォームカイロ(ホワイト)・Lサイズ","","","","","新品","14","14","B01-3"
"TOA-RWCIR-WT-M","4582667353287","リウォームカイロ(ホワイト)・Mサイズ","","","","","新品","186","186","B01-3"
"TOA-SGOSV-001","4562441909367","G 凄泡サーバー ビール泡立て器","","","","","新品","2","2","B01-2"
"TOA-TFR-001","4562441907035","TEFRESH(テフレッシュ)","","","","","新品","62","62","A01-5"
"TOA-THMAC-1000","4580743143425","サーモマネージャーAC","","","","","新品","14","14","A01-4"
"TOA-THMCR-1000","4562441909626","非接触式温度検知器サーモクロス","","","","","新品","39","7","A01-1"
"TOA-TM-0T-CLMSP-001","4582667355816","Calm Space（耳栓）","","","","","新品","3","3","A01-3"
"TOA-TM-BE-CHRHG-001","4582667341611","キャラクターヘアゴム 20pcsセット","","","","","新品","39","39","C01-6"
"TOA-TM-BE-DENPS-001","4582667358992","６in1電動ネイルトリマー","","","","","新品","12","12","C02-2"
"TOA-TM-BE-DISFB-007","4582667341284","drop in spa ボディブラシ","","","","","新品","25","25","B02-4"
"TOA-TM-BE-EFCCB-001","4582667341420","Beautopus. 電動音波振動ブラシEX","","","","","新品","34","34","C02-6"
"TOA-TM-BE-FMMGC-001","4582667352815","ふんわり巻ける前髪用カーラー 2個入り","","","","","新品","24","24","A01-3"
"TOA-TM-BE-FTAPE-001","4582667348047","フラッシュテープ","","","","","新品","310","310","B02-1"
"TOA-TM-BE-FTEET-001","4582667355106","二重アイテープ","","","","","新品","24","24","B02-1"
"TOA-TM-BE-HCLPB-001","4582667357902","ヘアクリップ ベーシック（ダッカール 2本セット）","","","","","新品","6","6","A01-5"
"TOA-TM-BE-LUXCT-002","4582667356998","贅沢コットン(なめらか)","","","","","新品","1008","1008","LC02-2"
"TOA-TM-BE-MGMKB-001","4582667346548","マグネットメイクブラシ 5本セット","","","","","新品","89","89","B02-6"
"TOA-TM-BE-NADCS-001","4582667352136","ネイルデコシール","","","","","新品","25","25","C01-3"
"TOA-TM-BE-NCDST-001","4582667358244","ネイルケア デュアルスティック","","","","","新品","2","2","A02-1"
"TOA-TM-BE-PKCLT-001","4582667355793","クレンジングタオル(携帯用)","","","","","新品","90","90","A01-5"
"TOA-TM-BE-SLFCB-001","4582667341581","Beautopus.MINIシリコン洗顔ブラシ","","","","","新品","187","187","C02-5"
"TOA-TM-BE-WPLFE-001","4582667341437","Beautopus. ウォーターピーリング美顔器","","","","","新品","34","34","B02-5"
"TOA-TM-BG-GDJPC-001","4582667357681","ガジェットポーチ","","","","","新品","1","1","A01-3"
"TOA-TM-BG-KDSR1-001","4582667347651","キッズリュック イエロー","","","","","新品","1","1","B02-6"
"TOA-TM-BKMSP-003","4580743143630","G 美姿勢キーパー Ｌ","","","","","新品","247","247","A01-5"
"TOA-TM-BOLST-001","4580743144798","G ミニボウリング セット","","","","","新品","60","60","C02-6"
"TOA-TM-BTBRS-001","4580743145740","シリコンボトルブラシ","","","","","新品","799","799","C01-2"
"TOA-TM-BU-AUTCL-001","4582667352259","オート クリップ","","","","","新品","10","10","A02-4"
"TOA-TM-BU-CCCLP-001","4582667341383","クリップ(星)","","","","","新品","27","27","B02-6"
"TOA-TM-BU-CCCLP-003","4582667341406","クリップ(トナカイ)","","","","","新品","75","75","B02-4"
"TOA-TM-BU-DLCLP-002","4582667340492","ダブルクリップ 25mm×48pcs","","","","","新品","22","22","A01-6"
"TOA-TM-BU-DLCLP-004","4582667347828","ダブルクリップ4カラー25?ｘ48PCS","","","","","新品","18","18","C01-4"
"TOA-TM-BU-HLTCP-001","4582667341499","蛍光ペン2色セット","","","","","新品","14","14","C01-3"
"TOA-TM-BU-LLBA5-002","4582667357308","ルーズリーフ　バインダー（A5判‐20穴　クリア）","","","","","新品","26","26","B02-6"
"TOA-TM-BU-MGUTH-001","4582667342731","mugy? ツボヘッド","","","","","新品","89","89","C02-5"
"TOA-TM-BU-ONIEN-001","4582667351153","プラスチックおにぎりえんぴつ(HBオレンジ30本入り)","","","","","新品","27","27","C01-4"
"TOA-TM-BU-PPSPC-001","4582667353850","PUNI PARKスタンドペンケース(クロネコ)","","","","","新品","20","20","A02-5"
"TOA-TM-BU-PPSPC-002","4582667353867","PUNI PARKスタンドペンケース(パンダ)","","","","","新品","20","20","A02-5"
"TOA-TM-BU-PPSPC-003","4582667353874","PUNI PARKスタンドペンケース(ユニコーン)","","","","","新品","20","20","C02-6"
"TOA-TM-BU-SPRGP-001","4582667356288","シャープペンシル 替芯 HB 0.5mm 2 個セット","","","","","新品","24","24","A01-3"
"TOA-TM-BU-STPNE-001","4582667352679","ステープラ―針(10号針)","","","","","新品","17","17","A01-5"
"TOA-TM-BU-TJCLD-001","4582667356974","卓上カレンダー2023","","","","","仕掛","26","26","C02-2"
"TOA-TM-BU-TPCTR-001","4570140091627","テープカッター（15mm × 5M）","","","","","新品","170","170","C02-6"
"TOA-TM-CLPEN-002","4580743148697","色鉛筆 12色","","","","","新品","17","17","C01-4"
"TOA-TM-DISFB-001","4580743146785","drop in spa 洗顔ブラシ ハンドルタイプ","","","","","新品","26","26","A02-5"
"TOA-TM-DRMCT-001","4580743148802","排水口髪の毛キャッチャー","","","","","新品","30","30","B01-6"
"TOA-TM-ES-AGILE-002","4582667355311","AGILE SHAVE 三枚刃カミソリ","","","","","新品","28","28","C01-2"
"TOA-TM-ES-ECCSB-001","4582667357490","電子タバコ・電子機器用綿棒(14本入)","","","","","新品","14","14","A02-1"
"TOA-TM-ES-FIBBD-001","4582667355007","フィギュア入りバスボール（動物）","","","","","新品","2443","355","C01-4"
"TOA-TM-ES-FIBBI-001","4582667354444","フィギュア入りバスボール（昆虫）","","","","","新品","100","100","A02-5"
"TOA-TM-ES-LDHCP-001","4582667356097","ラディオネ ホット＆コールドジェルパック","","","","","新品","323","323","A01-5"
"TOA-TM-ES-LDPNW-002","4582667356370","ラディオネ PCMネックウォーマー(グレー)・Lサイズ","","","","","新品","72","72","B01-3"
"TOA-TM-ES-LDPNW-004","4582667356899","ラディオネ PCMネックウォーマー(ラベンダー)・Lサイズ","","","","","新品","23","23","B01-2"
"TOA-TM-ES-LDPNW-005","4582667356905","ラディオネ PCMネックウォーマー(カスタード)・Mサイズ","","","","","新品","2","2","B01-2"
"TOA-TM-ES-LDPNW-006","4582667356912","ラディオネ PCMネックウォーマー(カスタード)・Lサイズ","","","","","新品","9","9","B01-3"
"TOA-TM-ES-LDRWR-004","4582667355571","ラディオネ リウォームホットリング(パールグレー)・Mサイズ","","","","","新品","17","17","B01-3"
"TOA-TM-ES-LDRWR-008","4582667355878","ラディオネ リウォームホットリング(パールグレー)・Lサイズ","","","","","新品","72","72","B01-3"
"TOA-TM-ES-LRPNC-001","4582667355427","洗濯ピンチ 16個入り","","","","","新品","118","118","B01-6"
"TOA-TM-ES-NCST3-001","4582667355076","粘着クリーナースペアテープ(3本入","","","","","新品","18","18","C01-4"
"TOA-TM-ES-NETSP-001","4580743149885","ネットスポンジ(3個組)","","","","","新品","40","40","B02-5"
"TOA-TM-ES-SLPCH-001","4580743149465","ステンレスピンチハンガー(52ピンチ)","","","","","新品","1","1","B02-4"
"TOA-TM-ES-SLSRP-001","4580743148932","シリコンスクレーパー","","","","","新品","435","435","A02-4"
"TOA-TM-ES-SPLSH-001","4582667342830","サップルシャワーヘッド TS18003","","","","","新品","167","7","B02-3"
"TOA-TM-ES-SSMTW-001","4582667341321","スセミたわし スマイル2個入り","","","","","新品","287","287","A02-5"
"TOA-TM-ES-SSMTW-002","4582667341338","スセミたわし クマちゃん2個入り","","","","","新品","115","115","A02-5"
"TOA-TM-ES-STRCS-001","4582667351535","シミ取りクリーンシート","","","","","新品","10","10","B02-6"
"TOA-TM-ES-WAUFC-001","4580743149878","洗って使える不織布グロス 50枚","","","","","新品","10","10","C01-6"
"TOA-TM-ES-WDDSH-001","4582667342816","ワイドドロップシャワーヘッド TS18012","","","","","新品","6","6","B02-5"
"TOA-TM-ES-WKRPC-001","4582667358039","1週間分のお薬ケース","","","","","新品","5","5","A02-4"
"TOA-TM-FLPSL-001","4580743144163","ポジティブレッグス","","","","","新品","61","61","C01-4"
"TOA-TM-GG-BTDFI-006","4582667349082","バトル恐竜フィギュア(ステゴサウルス)","","","","","新品","5","5","A01-3"
"TOA-TM-GG-FLYCB-001","4582667349402","フライングキャッチボール","","","","","新品","17","17","A01-6"
"TOA-TM-GG-KTYSS-001","4582667341840","あつまれ！キッチンのようせいさん","","","","","新品","24","24","B02-4"
"TOA-TM-GG-NCGRB-001","4582667342274","のりものチェンジロボ","","","","","新品","480","6","C01-6"
"TOA-TM-GG-NETRK-001","4582667346326","ネットラケット","","","","","新品","38","38","A02-2"
"TOA-TM-GG-RK3DN-001","4582667351429","リアル恐竜3Dぬりえ","","","","","新品","6","6","A02-3"
"TOA-TM-GG-SBTSE-002","4582667343219","お楽しみボックス サボテンシリーズ(ランダム1個)","","","","","新品","304","304","B01-6"
"TOA-TM-GG-SPCRA-001","4580743149311","スペースカーアドベンチャー","","","","","新品","81","81","A02-6"
"TOA-TM-GLSCP-012","4580743149717","グラス( 渦型)","","","","","新品","8","8","C02-2"
"TOA-TM-HGMMS-005","4580743142008","ヘアゴム カラフル","","","","","新品","435","435","A02-5"
"TOA-TM-IR-LHPSL-001","4582667344292","麻サンダル ベージュ M","","","","","新品","22","22","LC01-3"
"TOA-TM-IR-LHPSL-002","4582667344308","麻サンダル ベージュ L","","","","","新品","31","31","LC01-3"
"TOA-TM-IR-LHPSL-003","4582667344315","麻サンダル ブラック M","","","","","新品","25","25","LC01-3"
"TOA-TM-IR-LHPSL-004","4582667344322","麻サンダル ブラック L","","","","","新品","44","44","LC01-3"
"TOA-TM-IR-MENHS-001","4582667343752","無地半袖Tシャツ ブラックM","","","","","新品","1","1","B02-5"
"TOA-TM-IR-MENHS-003","4582667343776","無地半袖Tシャツ ホワイトM","","","","","新品","25","25","B02-5"
"TOA-TM-IR-MLMBB-002","4582667352051","Mieloveレザーベルト（ブラック）","","","","","新品","7","7","C01-3"
"TOA-TM-IR-RAINC-001","4582667354086","レインコート","","","","","新品","17","17","A02-4"
"TOA-TM-KC-DRMDB-001","4582667342014","ドアマウントゴミ箱","","","","","新品","543","3","A02-4"
"TOA-TM-KC-HOTSM-001","4582667342564","ホットサンドメーカー","","","","","新品","6","6","A01-5"
"TOA-TM-KC-JDSCH-001","4580743149915","電動みじん切り","","","","","新品","94","94","A01-5"
"TOA-TM-KC-KRKSB-001","4582667351528","くるくるスポンジブラシ","","","","","新品","2","2","A01-3"
"TOA-TM-KC-MOMDB-001","4582667350026","電子レンジ対応多機能水切りボウル","","","","","新品","3","3","C02-6"
"TOA-TM-KC-SHGRS-002","4582667340348","スフィアガラスホルダー グレー","","","","","新品","5","5","C02-2"
"TOA-TM-KC-SILFS-004","4582667344087","シリコン パスタサーバー(ブラック)","","","","","新品","31","31","C02-6"
"TOA-TM-KC-SLKCB-002","4582667348276","3in1スポンジキッチンブラシ(イエロー)","","","","","新品","34","34","B02-6"
"TOA-TM-LV-31FXB-001","4582667356837","3in1 フレキシブルスタンド ブラック","","","","","新品","14","14","A02-5"
"TOA-TM-LV-ANZEP-001","4582667356660","安全ピン(S+M)","","","","","新品","22","22","C02-2"
"TOA-TM-LV-CGFSR-001","4582667356783","クッション・ギフト〈ふわふわシェブロン・アイボリー〉","","","","","新品","8","8","A02-5"
"TOA-TM-LV-CGFSR-002","4582667356790","クッション・ギフト〈ふわふわシェブロン・ピンク〉","","","","","新品","6","6","A02-5"
"TOA-TM-LV-CGFSR-003","4582667356806","クッション・ギフト〈ふわふわシェブロン・グレー〉","","","","","新品","37","5","C02-5"
"TOA-TM-LV-FTPLA-001","4582667351054","FITwdh バスルームラック01","","","","","新品","17","17","C01-4"
"TOA-TM-LV-FTPLA-002","4582667351061","FITwdh バスルームラック02","","","","","新品","2","2","C01-4"
"TOA-TM-LV-FTPLA-003","4582667351078","FITwdh バスルームラック03","","","","","新品","4","4","B02-3"
"TOA-TM-LV-FTPLA-006","4582667351320","FITwdh マグネットコップスタンド","","","","","新品","10","10","B02-1"
"TOA-TM-LV-IKKHS-001","4582667352181","いつでもクリーンに壁紙保護シート","","","","","新品","88","88","A01-4"
"TOA-TM-LV-LEDWW-002","4562441900104","LEDデジタル置時計(ナチュラル)","","","","","新品","4","4","C01-6"
"TOA-TM-LV-MKSTC-001","4582667340515","マスク収納ケース","","","","","新品","35","35","B02-5"
"TOA-TM-LV-PCDCS-001","4582667357773","3ポケット カードケース","","","","","新品","8","8","A01-5"
"TOA-TM-LV-RBACC-001","4582667340171","レインボーアクリルケース(半円角柱)","","","","","新品","5","5","B02-4"
"TOA-TM-LV-RBACC-002","4582667340188","レインボーアクリルケース(高半円角柱)","","","","","新品","56","56","B02-5"
"TOA-TM-LV-RENST-001","4582667357780","リール付ネックストラップ（ブラック）","","","","","新品","10","10","B02-1"
"TOA-TM-LV-RENST-002","4582667357797","リール付ネックストラップ（グレー）","","","","","新品","13","13","A00-2"
"TOA-TM-LV-SBOSB-001","4582667353263","座れるバス型おもちゃ収納ボックス","","","","","新品","20","20","A02-4"
"TOA-TM-LV-SYNCS-001","4582667347750","収納ケース引き出し三段式","","","","","新品","58","58","C02-7"
"TOA-TM-MGPPH-001","4580743146709","G FITwdh マグネット収納 キッチンペーパーホルダー","","","","","新品","12","12","C02-6"
"TOA-TM-NLXPL-001","4580743145375","3D突起天然ラテックス枕","","","","","新品","7","7","C01-6"
"TOA-TM-OD-HDLT-001","4582667345787","ヘッドライト","","","","","新品","40","40","B02-3"
"TOA-TM-OD-IICIP-001","4570140092631","瞬間氷冷アイスパック","","","","","新品","92","92","LC01-3"
"TOA-TM-OD-SPLNT-001","4582667346067","スビカーランタン","","","","","新品","14","14","B02-3"
"TOA-TM-OD-UVCSV-001","4580743149083","サンバイザー 黒","","","","","新品","898","98","B01-5"
"TOA-TM-OD-UVCSV-002","4580743149090","サンバイザー ピンク","","","","","新品","115","115","B01-5"
"TOA-TM-OT-KNPRM-001","4582667343271","口内洗浄機 プレミアムV7","","","","","新品","2","2","B02-1"
"TOA-TM-OT-TKSKR-001","4582667354345","つかいすてカイロ 10個入り","","","","20241130","新品","193","193","C01-5"
"TOA-TM-PC-ADENC-002","4582667356516","アルカリ乾電池（単4形×4本）","","","","","新品","16","16","C01-1"
"TOA-TM-PC-FRDZK-001","4582667346555","for?ts ナイトライト付きワイヤレス充電器","","","","","新品","46","46","A01-5"
"TOA-TM-PC-GMHDS-001","4580743149472","ゲーミングヘッドホン","","","","","新品","2","2","B02-1"
"TOA-TM-PC-LEDRL-002","4582667356196","クリップLEDリングライトプラス 6インチ","","","","","新品","9","9","A01-4"
"TOA-TM-PC-SPSTD-001","4570140090132","折りたたみ式スマホ＆タッブレト","","","","","新品","4","4","A02-5"
"TOA-TM-PC-TWTPN-001","4582667342038","ツーウェイタッチペン","","","","","新品","18","18","B02-1"
"TOA-TM-PC-WEBCC-001","4582667350477","WEBカメラカバー(黒)","","","","","新品","2","2","A02-1"
"TOA-TM-PETST-001","4580743146259","G ペットシーツ レギュラー 超薄型 100枚","","","","","新品","121","121","B01-6"
"TOA-TM-PPHOK-002","4580743146730","G ポップフック リス グレー","","","","","新品","109","109","A01-6"
"TOA-TM-PPTWL-002","4582667358770","NEW 環境にやさしいペーパータオル 150枚","","","","","新品","1730","770","K02-6"
"TOA-TM-PT-OKCTS-001","4582667355830","おからのねこ砂 6L","","","","","新品","40","40","C01-4"
"TOA-TM-S13BY-001","4580743140264","G ブルートゥースイヤホン ホワイト","","","","","新品","143","143","B02-3"
"TOA-TM-SF-WTBRT-001","4582667342847","ウェイトベルト 0.5kg","","","","","新品","29","29","C01-6"
"TOA-TM-SLWTB-004","4580743144293","シリコンウォッチバンドBLACK/WHITE S/M","","","","","新品","24","24","A01-3"
"TOA-TM-SPLES-001","4580743145108","シェイプレスペンシル ブラック","","","","","新品","831","831","C02-5"
"TOA-TM-STAMB-001","4580743143531","スマートフォンアームバンド S ブラック","","","","","新品","2","2","B02-1"
"TOA-TM-SUTCS-005","4582667348122","スーツケースS・M・L","","","","","新品","27","27","MB02-4"
"TOA-TM-TKNTC-002","4580743140516","G 多機能収納ティッシュケース(後タイプ)","","","","","新品","191","191","C01-5"
"TOA-TMF-001","4562441907394","サーモフレッシュ","","","","","新品","459","171","B02-2"
"TOA-WARPK-GY","4582667353188","Warm Pack ウォームパック グレー","","","","","新品","125","125","B01-5"
"TOA-WARPK-IY","4582667353201","Warm Pack ウォームパック アイボリー","","","","","新品","193","193","B01-5"
"TOA-WARPK-RD","4582667353195","Warm Pack ウォームパック レッド","","","","","新品","218","218","B01-5"
"TOA-WARRG-GY-L","4582667351924","Warm Ring ウォームリング グレー(Lサイズ)","","","","","新品","136","136","B01-4"
"TOA-WARRG-GY-M","4582667351917","Warm Ring ウォームリング グレー(Mサイズ)","","","","","新品","119","119","B01-4"
"TOA-WARRG-IY-L","4582667352518","Warm Ring ウォームリング アイボリー(Lサイズ)","","","","","新品","229","229","B01-4"
"TOA-WARRG-IY-M","4582667352501","Warm Ring ウォームリング アイボリー(Mサイズ)","","","","","新品","180","180","B01-4"
"TOA-WARRG-PK-L","4582667351894","Warm Ring ウォームリング ピンク(Lサイズ)","","","","","新品","161","161","B01-4"
"TOA-WARRG-PK-M","4582667351887","Warm Ring ウォームリング ピンク(Mサイズ)","","","","","新品","76","76","B01-4"
"TOAMIT-PCR-K1","4562441908810","新型コロナウイルスPCR検査 唾液採取用検査キット","","","","20241030","新品","88673","556","C02-1"
"TOAMIT500UC","4562441906588","Uruクリンハンドジェル500ml","","","","","新品","6863","1127","LA02-5"
"TOM-TM-IR-STSOX-001","4582667342144","シースルーソックス(ホワイト)","","","","","新品","76","76","B02-4"
"TOWA-21-01-002","4580645020749","Te-Clear カラーチェンジソープ(オレンジ)","","","","","新品","14","14","A01-3"
"TS-2112-03","4580645021104","デリケートゾーンソープ","","","","","新品","48","48","A01-6"
"TS-2112-10","4580645021111","Te-Clear ムスク ハンドクリーム","","","","","新品","23","23","A02-5"
"TS-2112-11","4580645021128","Te-Clear(テ クリア)ROSE handcream 75g","","","","","新品","17","17","A02-5"
"TS-2112-12","4580645021135","Te-Clear(テ クリア)yuzu handcream 75g","","","","","新品","23","23","A02-5"
"TS-2208-02","4580645021432","チアリーフ UVケアクリーム","","","","","新品","940","940","C02-2"
"TS-2212-01","4582667358459","ビタミンC化粧水","","","","","新品","210","210","LC01-1"
"TS-2301-01","4580645021593","葛根バスボール","","","","","新品","240","240","B02-3"
"TS-ES-SHMSK-001","4580645021555","清肺マスク 7枚入 （ホワイト）","","","","","新品","150","150","A02-2"
"TZTFFF002WH","4562441906359","首掛け扇風機 Fans Free(ホワイト)","","","","","新品","1","1","LC01-3"
